-- You can use this file to load seed data into the database using SQL statements
insert into Tag (id, value) values (0, '日本')
insert into Tag (id, value) values (1, 'フレンチ')
insert into Tag (id, value) values (2, 'イタリアン')
insert into Tag (id, value) values (3, 'アジア')
insert into Tag (id, value) values (4, '中南米')
insert into Tag (id, value) values (5, 'ハンバーガー')
insert into Tag (id, value) values (6, '焼肉')
insert into Tag (id, value) values (7, 'ラーメン')
insert into Tag (id, value) values (99, 'その他')

insert into Restaurant (id, area, name) values (101, 'EAST', '和心庵のら')
insert into Restaurant (id, area, name) values (102, 'EAST', '善菜')
insert into Restaurant (id, area, name) values (103, 'WEST', '食彩かどた')
insert into Restaurant (id, area, name) values (104, 'WEST', '炉ばた屋')
insert into Restaurant (id, area, name) values (105, 'EAST', 'かいり')
insert into Restaurant (id, area, name) values (106, 'EAST', '鶏味座(とりみくら)')
insert into Restaurant (id, area, name) values (107, 'WEST', '鐵玄(てつげん)')
insert into Restaurant (id, area, name) values (108, 'EAST', '香り家')
insert into Restaurant (id, area, name) values (109, 'EAST', 'うどん山長')
insert into Restaurant (id, area, name) values (110, 'EAST', '櫻月')
insert into Restaurant (id, area, name) values (111, 'EAST', '慈玄')
insert into Restaurant (id, area, name) values (112, 'WEST', 'まにん')
insert into Restaurant (id, area, name) values (113, 'EAST', '吉柳')
insert into Restaurant (id, area, name) values (114, 'WEST', 'イエローカンパニー')
insert into Restaurant (id, area, name) values (115, 'EAST', 'Shania')
insert into Restaurant (id, area, name) values (116, 'EAST', 'nikko2')
insert into Restaurant (id, area, name) values (117, 'ATRE', '串の坊')
insert into Restaurant (id, area, name) values (118, 'EAST', '鮨 博一')
insert into Restaurant (id, area, name) values (119, 'EAST', 'ととや')
insert into Restaurant (id, area, name) values (120, 'EAST', '武生')
insert into Restaurant (id, area, name) values (121, 'WEST', 'りあん')
insert into Restaurant (id, area, name) values (122, 'EAST', 'がらく')

insert into Restaurant (id, area, name) values (124, 'EAST', 'Abbesses (アベス)')
insert into Restaurant (id, area, name) values (125, 'EAST', 'LE BISTRO (ルビストロ)')
insert into Restaurant (id, area, name) values (126, 'EAST', 'ビストロ シロ')
insert into Restaurant (id, area, name) values (127, 'WEST', 'アクイーユ')

insert into Restaurant (id, area, name) values (129, 'EAST', 'デリツィオーゾ イタリア')
insert into Restaurant (id, area, name) values (130, 'EAST', 'パルテノペ')
insert into Restaurant (id, area, name) values (131, 'EAST', 'ノスタルジーテーブル')
insert into Restaurant (id, area, name) values (132, 'EAST', 'オステリアバール ヴィア ポカポカ')
insert into Restaurant (id, area, name) values (133, 'EAST', 'es')
insert into Restaurant (id, area, name) values (134, 'EAST', 'FREGOLI')
insert into Restaurant (id, area, name) values (135, 'EAST', 'エ・ピッツェリア・ダ・イーヴォ')
insert into Restaurant (id, area, name) values (136, 'EAST', 'ビルーチェ(Biluce)')
insert into Restaurant (id, area, name) values (137, 'EAST', 'SOYO per tutti')

insert into Restaurant (id, area, name) values (139, 'WEST', '新東記')
insert into Restaurant (id, area, name) values (140, 'EAST', '西安料理 張屋')
insert into Restaurant (id, area, name) values (141, 'WEST', '中華料理８')
insert into Restaurant (id, area, name) values (142, 'EAST', 'HOI (ホイ)')
insert into Restaurant (id, area, name) values (143, 'WEST', 'ニャーヴェトナム')
insert into Restaurant (id, area, name) values (144, 'WEST', 'クンビラ')
insert into Restaurant (id, area, name) values (145, 'EAST', 'ソナム')
insert into Restaurant (id, area, name) values (146, 'WEST', '姉妹(チャメ)')
insert into Restaurant (id, area, name) values (147, 'EAST', '京鼎樓(JIN DIN ROU)')
insert into Restaurant (id, area, name) values (148, 'WEST', 'ア・テッパラ (A TEPPARA)')
insert into Restaurant (id, area, name) values (149, 'WEST', 'Blue Papaya Thailand')
insert into Restaurant (id, area, name) values (150, 'EAST', 'オリエンタルテーブル アマ')
insert into Restaurant (id, area, name) values (151, 'EAST', 'モンスーンカフェ')
insert into Restaurant (id, area, name) values (152, 'EAST', '陳麻家')
insert into Restaurant (id, area, name) values (153, 'EAST', 'グリーンパッタイ')

insert into Restaurant (id, area, name) values (155, 'EAST', 'アラウィ')

insert into Restaurant (id, area, name) values (157, 'WEST', 'ソウルドレッシング')
insert into Restaurant (id, area, name) values (158, 'WEST', 'ブラッカウズ')
insert into Restaurant (id, area, name) values (159, 'WEST', 'Hummingbirds hill')
insert into Restaurant (id, area, name) values (160, 'EAST', 'MLB cafe TOKYO')
insert into Restaurant (id, area, name) values (161, 'EAST', 'GOTHAM GRILL')
insert into Restaurant (id, area, name) values (162, 'EAST', 'Loco Blue')
insert into Restaurant (id, area, name) values (163, 'WEST', 'マルブチバーガー(ENJOYHOUSE ebisu)')

insert into Restaurant (id, area, name) values (165, 'EAST', '喜福世(キッポヨ)')
insert into Restaurant (id, area, name) values (166, 'WEST', 'kintan')
insert into Restaurant (id, area, name) values (167, 'EAST', '清香園')

insert into Restaurant (id, area, name) values (169, 'EAST', 'AFURI/阿夫利')
insert into Restaurant (id, area, name) values (170, 'EAST', '一風堂')
insert into Restaurant (id, area, name) values (171, 'WEST', '三田製麺所')
insert into Restaurant (id, area, name) values (172, 'EAST', '瞠 (みはる)')
insert into Restaurant (id, area, name) values (173, 'EAST', '九十九らーめん')
insert into Restaurant (id, area, name) values (175, 'WEST', '濃厚豚骨醤油ラーメン 太龍軒')
insert into Restaurant (id, area, name) values (176, 'EAST', '会津・喜多方ラーメン 坂内')
insert into Restaurant (id, area, name) values (177, 'EAST', '光麺')
insert into Restaurant (id, area, name) values (178, 'EAST', '框 (かまち)')
insert into Restaurant (id, area, name) values (180, 'EAST', '神座')
insert into Restaurant (id, area, name) values (181, 'EAST', 'つなぎ')
insert into Restaurant (id, area, name) values (182, 'EAST', '野郎ラーメン')

insert into Restaurant_Tag (restaurant_id, tags_id) values (101, 0)
insert into Restaurant_Tag (restaurant_id, tags_id) values (102, 0)
insert into Restaurant_Tag (restaurant_id, tags_id) values (103, 0)
insert into Restaurant_Tag (restaurant_id, tags_id) values (104, 0)
insert into Restaurant_Tag (restaurant_id, tags_id) values (105, 0)
insert into Restaurant_Tag (restaurant_id, tags_id) values (106, 0)
insert into Restaurant_Tag (restaurant_id, tags_id) values (107, 0)
insert into Restaurant_Tag (restaurant_id, tags_id) values (108, 0)
insert into Restaurant_Tag (restaurant_id, tags_id) values (109, 0)
insert into Restaurant_Tag (restaurant_id, tags_id) values (110, 0)
insert into Restaurant_Tag (restaurant_id, tags_id) values (111, 0)
insert into Restaurant_Tag (restaurant_id, tags_id) values (112, 0)
insert into Restaurant_Tag (restaurant_id, tags_id) values (113, 0)
insert into Restaurant_Tag (restaurant_id, tags_id) values (114, 0)
insert into Restaurant_Tag (restaurant_id, tags_id) values (115, 0)
insert into Restaurant_Tag (restaurant_id, tags_id) values (116, 0)
insert into Restaurant_Tag (restaurant_id, tags_id) values (117, 0)
insert into Restaurant_Tag (restaurant_id, tags_id) values (118, 0)
insert into Restaurant_Tag (restaurant_id, tags_id) values (119, 0)
insert into Restaurant_Tag (restaurant_id, tags_id) values (120, 0)
insert into Restaurant_Tag (restaurant_id, tags_id) values (121, 0)
insert into Restaurant_Tag (restaurant_id, tags_id) values (122, 0)
insert into Restaurant_Tag (restaurant_id, tags_id) values (124, 1)
insert into Restaurant_Tag (restaurant_id, tags_id) values (125, 1)
insert into Restaurant_Tag (restaurant_id, tags_id) values (126, 1)
insert into Restaurant_Tag (restaurant_id, tags_id) values (127, 1)
insert into Restaurant_Tag (restaurant_id, tags_id) values (129, 2)
insert into Restaurant_Tag (restaurant_id, tags_id) values (130, 2)
insert into Restaurant_Tag (restaurant_id, tags_id) values (131, 2)
insert into Restaurant_Tag (restaurant_id, tags_id) values (132, 2)
insert into Restaurant_Tag (restaurant_id, tags_id) values (133, 2)
insert into Restaurant_Tag (restaurant_id, tags_id) values (134, 2)
insert into Restaurant_Tag (restaurant_id, tags_id) values (135, 2)
insert into Restaurant_Tag (restaurant_id, tags_id) values (136, 2)
insert into Restaurant_Tag (restaurant_id, tags_id) values (137, 2)
insert into Restaurant_Tag (restaurant_id, tags_id) values (139, 3)
insert into Restaurant_Tag (restaurant_id, tags_id) values (140, 3)
insert into Restaurant_Tag (restaurant_id, tags_id) values (141, 3)
insert into Restaurant_Tag (restaurant_id, tags_id) values (142, 3)
insert into Restaurant_Tag (restaurant_id, tags_id) values (143, 3)
insert into Restaurant_Tag (restaurant_id, tags_id) values (144, 3)
insert into Restaurant_Tag (restaurant_id, tags_id) values (145, 3)
insert into Restaurant_Tag (restaurant_id, tags_id) values (146, 3)
insert into Restaurant_Tag (restaurant_id, tags_id) values (147, 3)
insert into Restaurant_Tag (restaurant_id, tags_id) values (148, 3)
insert into Restaurant_Tag (restaurant_id, tags_id) values (149, 3)
insert into Restaurant_Tag (restaurant_id, tags_id) values (150, 3)
insert into Restaurant_Tag (restaurant_id, tags_id) values (151, 3)
insert into Restaurant_Tag (restaurant_id, tags_id) values (152, 3)
insert into Restaurant_Tag (restaurant_id, tags_id) values (153, 3)
insert into Restaurant_Tag (restaurant_id, tags_id) values (155, 4)
insert into Restaurant_Tag (restaurant_id, tags_id) values (157, 5)
insert into Restaurant_Tag (restaurant_id, tags_id) values (158, 5)
insert into Restaurant_Tag (restaurant_id, tags_id) values (159, 5)
insert into Restaurant_Tag (restaurant_id, tags_id) values (160, 5)
insert into Restaurant_Tag (restaurant_id, tags_id) values (161, 5)
insert into Restaurant_Tag (restaurant_id, tags_id) values (162, 5)
insert into Restaurant_Tag (restaurant_id, tags_id) values (163, 5)
insert into Restaurant_Tag (restaurant_id, tags_id) values (165, 6)
insert into Restaurant_Tag (restaurant_id, tags_id) values (166, 6)
insert into Restaurant_Tag (restaurant_id, tags_id) values (167, 6)
insert into Restaurant_Tag (restaurant_id, tags_id) values (169, 7)
insert into Restaurant_Tag (restaurant_id, tags_id) values (170, 7)
insert into Restaurant_Tag (restaurant_id, tags_id) values (171, 7)
insert into Restaurant_Tag (restaurant_id, tags_id) values (172, 7)
insert into Restaurant_Tag (restaurant_id, tags_id) values (173, 7)
insert into Restaurant_Tag (restaurant_id, tags_id) values (175, 7)
insert into Restaurant_Tag (restaurant_id, tags_id) values (176, 7)
insert into Restaurant_Tag (restaurant_id, tags_id) values (177, 7)
insert into Restaurant_Tag (restaurant_id, tags_id) values (178, 7)
insert into Restaurant_Tag (restaurant_id, tags_id) values (180, 7)
insert into Restaurant_Tag (restaurant_id, tags_id) values (181, 7)
insert into Restaurant_Tag (restaurant_id, tags_id) values (182, 7)

ALTER SEQUENCE hibernate_sequence RESTART WITH 100;
